filename,width,height,class,xmin,ymin,xmax,ymax
000000000036.jpg,481,640,person,177,161,387,640
000000000061.jpg,640,488,person,275,207,307,247
000000000061.jpg,640,488,person,274,199,293,229
000000000061.jpg,640,488,person,394,212,410,236
000000000077.jpg,500,375,person,46,165,110,333
000000000077.jpg,500,375,person,229,67,272,163
000000000077.jpg,500,375,person,269,57,285,141
000000000077.jpg,500,375,person,329,55,383,147
000000000086.jpg,512,640,person,150,149,268,513
000000000110.jpg,640,480,person,3,130,195,400
000000000110.jpg,640,480,person,230,1,274,82
000000000110.jpg,640,480,person,11,1,116,123
000000000110.jpg,640,480,person,143,2,225,84
000000000110.jpg,640,480,person,133,1,155,50
000000000110.jpg,640,480,person,264,1,345,133
000000000110.jpg,640,480,person,336,1,407,91
000000000110.jpg,640,480,person,380,1,638,359
000000000113.jpg,416,640,person,9,41,155,399
000000000113.jpg,416,640,person,159,63,319,385
000000000113.jpg,416,640,person,351,98,415,401
000000000149.jpg,640,428,person,110,317,117,329
000000000149.jpg,640,428,person,249,319,255,338
000000000149.jpg,640,428,person,221,314,226,340
000000000149.jpg,640,428,person,303,315,309,334
000000000149.jpg,640,428,person,538,316,543,332
000000000149.jpg,640,428,person,543,316,549,334
000000000149.jpg,640,428,person,559,318,566,334
000000000149.jpg,640,428,person,586,321,591,332
000000000149.jpg,640,428,person,339,316,346,331
000000000149.jpg,640,428,person,332,316,339,329
000000000149.jpg,640,428,person,213,320,220,340
000000000165.jpg,640,536,person,40,29,263,467
000000000165.jpg,640,536,person,401,109,612,481
000000000192.jpg,640,480,person,1,271,36,480
000000000192.jpg,640,480,person,277,182,361,405
000000000192.jpg,640,480,person,355,257,464,479
000000000192.jpg,640,480,person,441,219,505,458
000000000241.jpg,480,640,person,1,257,128,426
000000000241.jpg,480,640,person,161,15,318,590
000000000241.jpg,480,640,person,317,263,393,413
000000000241.jpg,480,640,person,408,339,480,565
000000000257.jpg,640,480,person,80,329,96,354
000000000257.jpg,640,480,person,159,345,209,477
000000000257.jpg,640,480,person,241,327,264,403
000000000257.jpg,640,480,person,293,337,317,411
000000000257.jpg,640,480,person,318,334,337,408
000000000257.jpg,640,480,person,190,329,208,368
000000000257.jpg,640,480,person,138,326,152,362
000000000257.jpg,640,480,person,124,326,135,362
000000000257.jpg,640,480,person,263,332,278,385
000000000257.jpg,640,480,person,216,333,229,379
000000000257.jpg,640,480,person,227,325,238,372
000000000257.jpg,640,480,person,175,328,189,345
000000000257.jpg,640,480,person,471,329,481,355
000000000257.jpg,640,480,person,520,327,529,352
000000000257.jpg,640,480,person,527,327,536,355
000000000257.jpg,640,480,person,536,330,547,368
000000000257.jpg,640,480,person,546,327,559,370
000000000257.jpg,640,480,person,571,328,586,366
000000000257.jpg,640,480,person,584,326,598,361
000000000260.jpg,500,333,person,262,139,312,292
000000000294.jpg,640,427,person,39,71,240,427
000000000308.jpg,640,426,person,1,46,118,379
000000000308.jpg,640,426,person,42,14,138,230
000000000308.jpg,640,426,person,114,78,146,144
000000000308.jpg,640,426,person,136,31,259,278
000000000308.jpg,640,426,person,346,72,378,176
000000000308.jpg,640,426,person,424,37,541,333
000000000315.jpg,640,427,person,148,224,199,385
000000000315.jpg,640,427,person,186,373,294,427
000000000315.jpg,640,427,person,340,139,397,327
000000000315.jpg,640,427,person,492,149,539,323
000000000315.jpg,640,427,person,546,137,560,173
000000000315.jpg,640,427,person,532,189,570,237
000000000315.jpg,640,427,person,576,196,597,228
000000000322.jpg,640,481,person,85,106,228,381
000000000326.jpg,640,427,person,155,95,370,416
000000000328.jpg,640,491,person,105,66,259,306
000000000328.jpg,640,491,person,266,97,395,333
000000000328.jpg,640,491,person,399,70,554,369
000000000338.jpg,640,327,person,335,144,399,313
000000000338.jpg,640,327,person,441,175,495,325
000000000357.jpg,640,218,person,73,78,94,127
000000000357.jpg,640,218,person,209,24,229,53
000000000357.jpg,640,218,person,269,9,284,32
000000000357.jpg,640,218,person,273,20,298,54
000000000357.jpg,640,218,person,371,25,389,52
000000000357.jpg,640,218,person,532,136,556,185
000000000357.jpg,640,218,person,568,161,594,200
000000000357.jpg,640,218,person,592,155,619,200
000000000360.jpg,500,375,person,263,137,299,173
000000000368.jpg,480,640,person,1,138,21,228
000000000368.jpg,480,640,person,63,200,121,232
000000000368.jpg,480,640,person,64,141,84,186
000000000368.jpg,480,640,person,81,135,107,203
000000000368.jpg,480,640,person,137,152,174,231
000000000368.jpg,480,640,person,170,79,212,172
000000000368.jpg,480,640,person,203,108,327,364
000000000368.jpg,480,640,person,301,128,351,319
000000000368.jpg,480,640,person,268,77,305,155
000000000368.jpg,480,640,person,343,149,372,236
000000000368.jpg,480,640,person,362,139,394,229
000000000368.jpg,480,640,person,437,139,469,235
000000000370.jpg,480,640,person,95,33,388,527
000000000382.jpg,640,480,person,517,363,549,442
000000000389.jpg,640,480,person,12,261,112,473
000000000389.jpg,640,480,person,98,254,181,384
000000000389.jpg,640,480,person,192,90,440,469
000000000389.jpg,640,480,person,465,293,558,477
000000000389.jpg,640,480,person,567,265,638,401
000000000389.jpg,640,480,person,172,284,219,332
000000000389.jpg,640,480,person,565,369,638,480
000000000395.jpg,640,580,person,1,209,77,477
000000000395.jpg,640,580,person,82,267,140,471
000000000395.jpg,640,580,person,152,146,472,575
000000000395.jpg,640,580,person,452,255,517,336
000000000395.jpg,640,580,person,526,201,640,576
000000000395.jpg,640,580,person,154,246,209,337
000000000415.jpg,359,640,person,1,253,123,555
000000000419.jpg,640,480,person,131,130,171,279
000000000419.jpg,640,480,person,459,234,581,472
000000000428.jpg,640,360,person,295,31,521,330
000000000431.jpg,640,389,person,176,68,260,278
000000000436.jpg,427,640,person,90,13,421,541
000000000446.jpg,480,640,person,111,137,283,529
000000000459.jpg,516,640,person,61,83,354,565
000000000474.jpg,333,500,person,113,47,284,379
000000000488.jpg,640,406,person,40,213,117,357
000000000488.jpg,640,406,person,116,248,185,350
000000000488.jpg,640,406,person,210,201,232,256
000000000488.jpg,640,406,person,211,213,271,321
000000000488.jpg,640,406,person,550,215,585,263
000000000510.jpg,640,480,person,265,128,402,403
000000000529.jpg,427,640,person,107,77,245,330
000000000529.jpg,427,640,person,212,95,298,286
000000000531.jpg,640,480,person,6,256,25,294
000000000531.jpg,640,480,person,86,257,119,321
000000000531.jpg,640,480,person,268,248,297,334
000000000531.jpg,640,480,person,216,254,226,278
000000000531.jpg,640,480,person,251,253,263,279
000000000531.jpg,640,480,person,391,255,402,277
000000000531.jpg,640,480,person,446,246,458,282
000000000531.jpg,640,480,person,504,245,515,279
000000000536.jpg,448,336,person,90,74,171,274
000000000536.jpg,448,336,person,175,82,256,260
000000000536.jpg,448,336,person,316,134,398,267
000000000542.jpg,640,484,person,150,215,196,333
000000000542.jpg,640,484,person,296,120,327,168
000000000542.jpg,640,484,person,302,161,334,190
000000000542.jpg,640,484,person,191,215,230,349
000000000542.jpg,640,484,person,449,198,491,351
000000000542.jpg,640,484,person,353,212,392,335
000000000542.jpg,640,484,person,231,192,279,371
000000000542.jpg,640,484,person,280,212,308,346
000000000542.jpg,640,484,person,296,216,328,341
000000000542.jpg,640,484,person,320,211,350,342
000000000544.jpg,640,427,person,4,219,33,298
000000000544.jpg,640,427,person,26,239,60,294
000000000544.jpg,640,427,person,20,197,44,236
000000000544.jpg,640,427,person,79,193,101,239
000000000544.jpg,640,427,person,27,272,94,406
000000000544.jpg,640,427,person,112,302,180,405
000000000544.jpg,640,427,person,265,244,345,394
000000000544.jpg,640,427,person,196,211,227,238
000000000544.jpg,640,427,person,248,187,274,235
000000000544.jpg,640,427,person,148,194,179,239
000000000544.jpg,640,427,person,385,209,410,231
000000000544.jpg,640,427,person,336,174,356,200
000000000544.jpg,640,427,person,312,178,330,200
000000000544.jpg,640,427,person,355,172,374,199
000000000544.jpg,640,427,person,372,182,393,204
000000000544.jpg,640,427,person,1,149,24,182
000000000544.jpg,640,427,person,19,159,41,183
000000000544.jpg,640,427,person,41,159,65,181
000000000544.jpg,640,427,person,64,158,85,182
000000000544.jpg,640,427,person,86,159,102,180
000000000544.jpg,640,427,person,103,158,129,181
000000000544.jpg,640,427,person,126,156,150,180
000000000544.jpg,640,427,person,151,161,173,179
000000000544.jpg,640,427,person,173,154,192,177
000000000544.jpg,640,427,person,189,150,215,176
000000000544.jpg,640,427,person,208,154,228,176
000000000544.jpg,640,427,person,227,149,248,175
000000000544.jpg,640,427,person,260,149,282,177
000000000564.jpg,520,640,person,269,341,376,565
000000000569.jpg,640,480,person,120,276,168,409
000000000572.jpg,427,640,person,79,255,198,524
000000000572.jpg,427,640,person,142,67,283,430
000000000589.jpg,640,480,person,386,193,477,337
000000000625.jpg,640,446,person,189,232,265,405
000000000625.jpg,640,446,person,309,201,369,376
000000000625.jpg,640,446,person,455,227,512,380
000000000634.jpg,427,640,person,134,269,259,430
000000000692.jpg,640,480,person,255,130,431,410
000000000692.jpg,640,480,person,372,32,574,341
000000000693.jpg,640,428,person,332,43,472,283
000000000716.jpg,640,480,person,220,106,269,210
000000000716.jpg,640,480,person,261,146,321,240
000000000716.jpg,640,480,person,509,158,586,290
000000000716.jpg,640,480,person,506,299,622,477
000000000722.jpg,640,457,person,22,138,35,169
000000000722.jpg,640,457,person,145,136,155,164
000000000722.jpg,640,457,person,62,266,72,300
000000000722.jpg,640,457,person,61,245,76,288
000000000722.jpg,640,457,person,91,250,136,382
000000000722.jpg,640,457,person,172,255,227,381
000000000722.jpg,640,457,person,251,237,261,257
000000000722.jpg,640,457,person,374,184,386,208
000000000722.jpg,640,457,person,161,252,174,298
000000000722.jpg,640,457,person,215,255,225,281
000000000722.jpg,640,457,person,393,244,412,296
000000000722.jpg,640,457,person,416,244,431,305
000000000722.jpg,640,457,person,441,243,459,303
000000000722.jpg,640,457,person,460,246,476,302
000000000722.jpg,640,457,person,474,247,491,302
000000000722.jpg,640,457,person,483,238,495,268
000000000722.jpg,640,457,person,572,254,591,301
000000000731.jpg,640,480,person,145,91,260,393
000000000735.jpg,640,361,person,275,40,363,244
000000000761.jpg,640,480,person,57,142,86,218
000000000761.jpg,640,480,person,122,147,142,199
000000000761.jpg,640,480,person,1,214,149,480
000000000761.jpg,640,480,person,160,128,190,245
000000000761.jpg,640,480,person,189,94,301,381
000000000761.jpg,640,480,person,305,116,386,301
000000000761.jpg,640,480,person,360,127,379,152
000000000761.jpg,640,480,person,397,127,413,172
000000000761.jpg,640,480,person,402,124,460,333
000000000761.jpg,640,480,person,500,115,596,427
000000000761.jpg,640,480,person,573,131,616,219
000000000761.jpg,640,480,person,496,176,528,242
000000000764.jpg,500,343,person,38,108,51,168
000000000764.jpg,500,343,person,56,114,70,157
000000000764.jpg,500,343,person,80,98,144,240
000000000764.jpg,500,343,person,187,106,216,194
000000000764.jpg,500,343,person,235,110,258,164
000000000764.jpg,500,343,person,271,111,287,155
000000000764.jpg,500,343,person,308,118,323,152
000000000764.jpg,500,343,person,326,127,412,271
000000000764.jpg,500,343,person,451,107,474,171
000000000764.jpg,500,343,person,433,120,448,159
000000000764.jpg,500,343,person,427,135,437,159
000000000764.jpg,500,343,person,411,122,422,156
000000000764.jpg,500,343,person,387,114,400,165
000000000764.jpg,500,343,person,166,118,177,148
000000000781.jpg,612,612,person,230,524,264,568
000000000790.jpg,640,422,person,13,111,141,328
000000000790.jpg,640,422,person,218,79,302,186
000000000790.jpg,640,422,person,365,99,463,228
000000000790.jpg,640,422,person,464,133,606,336
000000000795.jpg,500,332,person,1,149,80,331
000000000795.jpg,500,332,person,192,173,226,273
000000000795.jpg,500,332,person,233,177,252,233
000000000795.jpg,500,332,person,255,165,300,276
000000000795.jpg,500,332,person,247,164,263,189
000000000821.jpg,512,640,person,197,188,284,406
000000000821.jpg,512,640,person,334,178,443,488
000000000828.jpg,640,431,person,349,80,450,239
000000000831.jpg,333,500,person,175,114,265,249
000000000831.jpg,333,500,person,285,253,296,281
000000000831.jpg,333,500,person,56,254,65,273
000000000836.jpg,500,335,person,201,62,272,163
000000000839.jpg,640,575,person,119,110,293,394
000000000839.jpg,640,575,person,400,68,577,355
000000000882.jpg,640,427,person,155,3,410,357
000000000897.jpg,640,427,person,267,138,484,370
000000000925.jpg,392,500,person,36,3,339,431
000000000925.jpg,392,500,person,340,25,392,379
000000000927.jpg,612,612,person,7,109,44,294
000000000927.jpg,612,612,person,358,43,464,482
000000000927.jpg,612,612,person,107,61,139,170
000000000927.jpg,612,612,person,134,89,164,178
000000000927.jpg,612,612,person,166,103,189,187
000000000927.jpg,612,612,person,199,79,235,219
000000000927.jpg,612,612,person,446,92,485,220
000000000960.jpg,427,640,person,3,64,138,257
000000000960.jpg,427,640,person,113,105,321,583
000000000960.jpg,427,640,person,339,159,423,640
000000000962.jpg,427,640,person,33,154,263,487
000000000969.jpg,425,640,person,185,266,264,388
000000000969.jpg,425,640,person,137,356,239,601
000000000974.jpg,334,500,person,78,62,154,183
000000000974.jpg,334,500,person,176,50,236,146
000000000974.jpg,334,500,person,143,58,176,123
000000000974.jpg,334,500,person,112,49,153,116
000000000999.jpg,640,347,person,37,1,186,279
000000000999.jpg,640,347,person,260,99,582,283
000000001006.jpg,427,640,person,138,37,205,133
000000001006.jpg,427,640,person,147,59,289,456
000000001011.jpg,640,480,person,76,199,106,237
000000001011.jpg,640,480,person,86,229,121,300
000000001011.jpg,640,480,person,98,172,136,235
000000001011.jpg,640,480,person,237,204,267,258
000000001011.jpg,640,480,person,242,292,270,350
000000001011.jpg,640,480,person,194,380,225,436
000000001011.jpg,640,480,person,448,215,479,264
000000001011.jpg,640,480,person,477,190,500,248
000000001011.jpg,640,480,person,479,273,517,343
000000001014.jpg,640,480,person,84,219,171,441
000000001014.jpg,640,480,person,243,199,342,435
000000001014.jpg,640,480,person,327,175,439,430
000000001089.jpg,640,573,person,152,82,517,560
000000001098.jpg,640,532,person,47,4,261,341
000000001145.jpg,640,480,person,38,125,63,175
000000001145.jpg,640,480,person,51,54,188,386
000000001146.jpg,427,640,person,5,4,303,560
000000001149.jpg,640,427,person,42,101,56,148
000000001149.jpg,640,427,person,56,97,79,149
000000001149.jpg,640,427,person,115,49,203,201
000000001149.jpg,640,427,person,253,28,322,244
000000001149.jpg,640,427,person,317,20,391,260
000000001149.jpg,640,427,person,391,47,477,287
000000001149.jpg,640,427,person,108,67,142,117
000000001149.jpg,640,427,person,432,53,487,138
000000001149.jpg,640,427,person,487,74,519,197
000000001149.jpg,640,427,person,511,41,560,205
000000001149.jpg,640,427,person,554,35,634,298
000000001149.jpg,640,427,person,198,90,218,151
000000001180.jpg,426,640,person,1,262,43,433
000000001180.jpg,426,640,person,55,241,116,379
000000001180.jpg,426,640,person,151,164,288,390
000000001180.jpg,426,640,person,372,228,426,332
000000001183.jpg,640,480,person,87,118,206,333
000000001204.jpg,480,640,person,25,311,65,363
000000001204.jpg,480,640,person,68,288,108,370
000000001204.jpg,480,640,person,150,108,345,588
000000001204.jpg,480,640,person,149,326,185,395
000000001204.jpg,480,640,person,395,256,419,322
000000001204.jpg,480,640,person,375,261,390,309
000000001204.jpg,480,640,person,430,222,480,422
000000001204.jpg,480,640,person,368,261,378,304
000000001204.jpg,480,640,person,165,299,186,325
000000001204.jpg,480,640,person,2,334,57,433
000000001204.jpg,480,640,person,112,304,138,341
000000001204.jpg,480,640,person,112,341,141,390
000000001237.jpg,640,522,person,80,67,159,151
000000001237.jpg,640,522,person,228,40,494,440
000000001237.jpg,640,522,person,404,1,547,165
000000001237.jpg,640,522,person,563,135,640,255
000000001270.jpg,640,480,person,49,145,128,381
000000001270.jpg,640,480,person,136,184,194,375
000000001270.jpg,640,480,person,1,146,18,211
000000001270.jpg,640,480,person,388,210,449,394
000000001270.jpg,640,480,person,135,127,183,199
000000001270.jpg,640,480,person,209,133,276,221
000000001270.jpg,640,480,person,205,68,237,132
000000001270.jpg,640,480,person,306,112,342,221
000000001270.jpg,640,480,person,331,74,371,198
000000001270.jpg,640,480,person,474,143,544,261
000000001271.jpg,640,492,person,134,68,234,333
000000001271.jpg,640,492,person,236,284,382,490
000000001271.jpg,640,492,person,193,77,257,141
000000001271.jpg,640,492,person,258,70,336,180
000000001271.jpg,640,492,person,483,54,614,346
000000001290.jpg,640,540,person,34,14,283,262
000000001290.jpg,640,540,person,493,137,632,540
000000001292.jpg,640,427,person,231,46,437,382
000000001298.jpg,640,428,person,102,1,384,271
000000001307.jpg,480,640,person,247,41,384,473
000000001308.jpg,640,426,person,228,121,326,239
000000001330.jpg,480,640,person,128,232,251,461
000000001359.jpg,427,640,person,236,365,330,567
000000001369.jpg,640,480,person,271,141,355,354
000000001375.jpg,640,428,person,248,150,399,397
000000001390.jpg,640,480,person,131,182,177,252
000000001390.jpg,640,480,person,348,148,411,305
000000001390.jpg,640,480,person,392,181,517,378
000000001397.jpg,640,427,person,284,63,428,196
000000001403.jpg,640,480,person,187,36,409,417
000000001404.jpg,478,640,person,72,115,225,366
000000001407.jpg,428,640,person,151,281,279,494
000000001407.jpg,428,640,person,229,1,277,83
000000001407.jpg,428,640,person,272,3,322,96
000000001424.jpg,640,480,person,43,193,168,311
000000001424.jpg,640,480,person,201,1,374,172
000000001424.jpg,640,480,person,249,156,331,296
000000001424.jpg,640,480,person,376,1,498,178
000000001424.jpg,640,480,person,484,176,538,266
000000001424.jpg,640,480,person,546,189,635,317
000000001431.jpg,640,428,person,1,113,32,234
000000001431.jpg,640,428,person,85,76,159,227
000000001431.jpg,640,428,person,188,177,221,211
000000001431.jpg,640,428,person,273,72,417,286
000000001431.jpg,640,428,person,270,1,359,108
000000001431.jpg,640,428,person,523,58,577,179
000000001431.jpg,640,428,person,576,133,617,231
000000001431.jpg,640,428,person,621,120,640,232
000000001436.jpg,500,375,person,310,58,459,301
000000001436.jpg,500,375,person,1,1,97,141
000000001527.jpg,640,480,person,234,167,334,398
000000001548.jpg,640,427,person,161,73,229,288
000000001563.jpg,435,640,person,68,114,345,605
000000001569.jpg,500,335,person,91,44,177,280
000000001569.jpg,500,335,person,160,84,246,300
000000001580.jpg,640,480,person,1,149,41,284
000000001580.jpg,640,480,person,56,154,89,255
000000001580.jpg,640,480,person,180,134,262,401
000000001580.jpg,640,480,person,265,169,288,226
000000001580.jpg,640,480,person,303,173,321,219
000000001580.jpg,640,480,person,318,167,385,383
000000001580.jpg,640,480,person,397,144,504,391
000000001586.jpg,640,425,person,212,107,321,280
000000001586.jpg,640,425,person,382,110,505,289
000000001626.jpg,500,375,person,60,62,209,332
000000001626.jpg,500,375,person,212,4,304,220
000000001655.jpg,640,428,person,82,234,351,428
000000001667.jpg,424,640,person,1,198,43,306
000000001667.jpg,424,640,person,29,206,173,355
000000001667.jpg,424,640,person,130,164,424,639
000000001668.jpg,640,480,person,1,164,78,479
000000001668.jpg,640,480,person,42,169,99,275
000000001668.jpg,640,480,person,405,128,547,455
000000001670.jpg,640,480,person,204,356,242,445
000000001670.jpg,640,480,person,360,339,412,455
000000001700.jpg,640,480,person,242,45,359,389
000000001706.jpg,640,518,person,36,70,259,416
000000001732.jpg,640,494,person,224,109,320,438
000000001756.jpg,640,480,person,1,103,46,184
000000001756.jpg,640,480,person,243,145,407,345
000000001756.jpg,640,480,person,1,51,58,131
000000001756.jpg,640,480,person,240,54,287,147
000000001756.jpg,640,480,person,364,123,421,207
000000001756.jpg,640,480,person,436,132,491,208
000000001756.jpg,640,480,person,284,116,320,163
000000001756.jpg,640,480,person,122,88,149,145
000000001756.jpg,640,480,person,314,91,348,146
000000001756.jpg,640,480,person,501,77,548,168
000000001756.jpg,640,480,person,166,57,191,101
000000001756.jpg,640,480,person,99,53,116,80
000000001756.jpg,640,480,person,403,55,445,126
000000001756.jpg,640,480,person,447,57,474,127
000000001756.jpg,640,480,person,586,66,609,107
000000001756.jpg,640,480,person,605,67,624,95
000000001756.jpg,640,480,person,620,69,640,165
000000001757.jpg,523,640,person,31,55,230,447
000000001757.jpg,523,640,person,311,201,497,471
000000001764.jpg,500,375,person,289,185,320,238
000000001764.jpg,500,375,person,189,343,209,369
000000001764.jpg,500,375,person,323,89,334,127
000000001764.jpg,500,375,person,269,79,286,106
000000001764.jpg,500,375,person,24,31,42,43
000000001764.jpg,500,375,person,63,29,77,44
000000001764.jpg,500,375,person,84,34,100,46
000000001764.jpg,500,375,person,125,35,137,48
000000001764.jpg,500,375,person,136,36,147,48
000000001764.jpg,500,375,person,146,36,158,49
000000001764.jpg,500,375,person,160,38,170,50
000000001764.jpg,500,375,person,172,37,181,50
000000001764.jpg,500,375,person,180,38,193,50
000000001764.jpg,500,375,person,194,38,206,51
000000001764.jpg,500,375,person,229,40,241,52
000000001764.jpg,500,375,person,241,41,254,53
000000001764.jpg,500,375,person,253,42,265,55
000000001764.jpg,500,375,person,266,42,277,55
000000001764.jpg,500,375,person,277,41,289,54
000000001764.jpg,500,375,person,289,41,301,55
000000001764.jpg,500,375,person,329,43,341,56
000000001774.jpg,640,424,person,198,110,317,328
000000001790.jpg,458,640,person,113,202,200,438
000000001790.jpg,458,640,person,241,188,434,599
000000001804.jpg,640,480,person,61,23,340,387
000000001804.jpg,640,480,person,340,71,572,457
000000001811.jpg,640,640,person,77,3,133,137
000000001811.jpg,640,640,person,161,3,232,142
000000001811.jpg,640,640,person,262,23,465,202
000000001811.jpg,640,640,person,394,132,495,350
000000001811.jpg,640,640,person,501,66,577,177
000000001811.jpg,640,640,person,594,1,637,172
000000001815.jpg,564,640,person,2,236,63,389
000000001815.jpg,564,640,person,80,23,385,563
000000001815.jpg,564,640,person,456,338,556,550
000000001815.jpg,564,640,person,318,299,465,550
000000001837.jpg,500,353,person,73,108,122,225
000000001837.jpg,500,353,person,122,137,167,256
000000001837.jpg,500,353,person,178,113,211,203
000000001837.jpg,500,353,person,211,102,255,206
000000001837.jpg,500,353,person,255,111,304,225
000000001837.jpg,500,353,person,326,111,376,224
000000001837.jpg,500,353,person,383,105,439,243
000000001841.jpg,500,363,person,8,1,451,363
000000001875.jpg,473,640,person,84,88,257,568
000000001943.jpg,480,252,person,52,52,104,216
000000001943.jpg,480,252,person,134,70,170,212
000000001943.jpg,480,252,person,220,52,270,178
000000001943.jpg,480,252,person,289,68,334,187
000000001943.jpg,480,252,person,367,75,412,223
000000001947.jpg,500,375,person,3,75,107,234
000000001947.jpg,500,375,person,186,86,241,147
000000001947.jpg,500,375,person,302,69,383,166
000000001947.jpg,500,375,person,407,45,500,287
000000001948.jpg,383,640,person,161,97,303,402
000000001955.jpg,427,640,person,127,453,216,617
000000001958.jpg,640,480,person,83,140,226,397
000000001958.jpg,640,480,person,424,181,581,367
000000001960.jpg,427,640,person,21,1,103,182
000000001960.jpg,427,640,person,1,17,18,175
000000001960.jpg,427,640,person,298,1,388,183
000000001960.jpg,427,640,person,118,144,265,355
000000001960.jpg,427,640,person,128,350,398,637
000000001966.jpg,640,480,person,154,69,320,425
000000001966.jpg,640,480,person,197,1,318,80
000000001987.jpg,500,375,person,201,55,262,210
000000001994.jpg,640,480,person,1,1,337,355
000000001994.jpg,640,480,person,496,24,607,408
000000001994.jpg,640,480,person,580,1,640,480
000000002001.jpg,640,426,person,127,115,288,345
000000002007.jpg,640,480,person,367,192,477,384
000000002007.jpg,640,480,person,472,199,502,267
000000002007.jpg,640,480,person,513,198,535,261
000000002007.jpg,640,480,person,594,222,628,284
000000002007.jpg,640,480,person,594,199,617,239
000000002014.jpg,640,427,person,69,100,131,204
000000002014.jpg,640,427,person,253,138,418,310
000000002014.jpg,640,427,person,457,148,489,237
000000002014.jpg,640,427,person,525,136,552,238
000000002014.jpg,640,427,person,565,146,601,237
000000002014.jpg,640,427,person,418,135,444,238
000000002055.jpg,480,640,person,59,63,392,577
000000002072.jpg,640,427,person,375,99,477,354
000000002083.jpg,640,428,person,311,112,417,372
000000002083.jpg,640,428,person,503,168,640,422
000000002135.jpg,480,640,person,36,276,154,448
000000002135.jpg,480,640,person,3,324,23,380
000000002135.jpg,480,640,person,22,321,50,379
000000002135.jpg,480,640,person,265,317,341,483
000000002135.jpg,480,640,person,329,280,480,603
000000002135.jpg,480,640,person,248,332,263,370
000000002135.jpg,480,640,person,227,347,247,375
000000002135.jpg,480,640,person,266,341,287,383
000000002135.jpg,480,640,person,216,335,229,369
000000002184.jpg,640,427,person,32,156,65,261
000000002184.jpg,640,427,person,99,146,135,261
000000002184.jpg,640,427,person,135,144,178,261
000000002184.jpg,640,427,person,219,164,263,281
000000002184.jpg,640,427,person,257,154,288,230
000000002184.jpg,640,427,person,325,73,412,206
000000002184.jpg,640,427,person,384,199,447,395
000000002184.jpg,640,427,person,509,128,541,228
000000002184.jpg,640,427,person,575,156,612,223
000000002184.jpg,640,427,person,599,146,631,218
000000002191.jpg,640,323,person,236,68,301,232
000000002225.jpg,500,375,person,130,46,494,295
000000002235.jpg,640,427,person,195,119,389,401
000000002239.jpg,640,424,person,53,53,248,412
000000002372.jpg,640,427,person,227,59,481,396
000000002377.jpg,640,427,person,14,273,49,370
000000002377.jpg,640,427,person,66,304,97,381
000000002377.jpg,640,427,person,64,288,84,318
000000002377.jpg,640,427,person,123,310,155,357
000000002377.jpg,640,427,person,157,297,190,419
000000002377.jpg,640,427,person,275,340,309,427
000000002377.jpg,640,427,person,308,341,336,389
000000002377.jpg,640,427,person,335,316,369,364
000000002377.jpg,640,427,person,492,347,542,427
000000002377.jpg,640,427,person,576,358,621,423
000000002377.jpg,640,427,person,620,346,640,423
000000002377.jpg,640,427,person,59,202,80,231
000000002377.jpg,640,427,person,80,210,104,236
000000002377.jpg,640,427,person,295,202,321,235
000000002377.jpg,640,427,person,331,194,354,223
000000002377.jpg,640,427,person,361,166,383,210
000000002377.jpg,640,427,person,243,195,270,221
000000002377.jpg,640,427,person,267,162,284,214
000000002377.jpg,640,427,person,288,163,302,213
000000002377.jpg,640,427,person,334,163,350,198
000000002377.jpg,640,427,person,254,167,270,197
000000002377.jpg,640,427,person,221,170,237,211
000000002377.jpg,640,427,person,192,167,207,205
000000002400.jpg,640,427,person,155,30,288,278
000000002402.jpg,500,375,person,132,181,175,278
000000002402.jpg,500,375,person,205,164,229,215
000000002402.jpg,500,375,person,228,163,246,212
000000002402.jpg,500,375,person,243,161,263,213
000000002402.jpg,500,375,person,263,159,283,190
000000002402.jpg,500,375,person,266,184,302,223
000000002402.jpg,500,375,person,298,125,330,219
000000002402.jpg,500,375,person,348,94,417,249
000000002402.jpg,500,375,person,427,104,483,237
000000002415.jpg,640,480,person,1,132,16,347
000000002415.jpg,640,480,person,16,114,116,445
000000002415.jpg,640,480,person,93,118,161,312
000000002415.jpg,640,480,person,144,131,176,180
000000002415.jpg,640,480,person,163,128,219,319
000000002415.jpg,640,480,person,245,141,329,332
000000002445.jpg,640,427,person,78,265,151,400
000000002445.jpg,640,427,person,142,229,198,309
000000002445.jpg,640,427,person,119,311,187,404
000000002446.jpg,640,427,person,314,36,493,322
000000002459.jpg,640,427,person,1,20,180,427
000000002466.jpg,640,360,person,247,1,404,189
000000002470.jpg,637,640,person,423,156,545,304
000000002477.jpg,500,364,person,80,10,310,273
000000002498.jpg,640,426,person,236,129,286,297
000000002498.jpg,640,426,person,311,126,354,262
000000002498.jpg,640,426,person,411,177,456,297
000000002498.jpg,640,426,person,558,152,596,292
000000002498.jpg,640,426,person,350,159,375,247
000000002498.jpg,640,426,person,385,101,401,138
000000002498.jpg,640,426,person,409,102,427,141
000000002498.jpg,640,426,person,472,47,489,97
000000002498.jpg,640,426,person,491,49,511,95
000000002525.jpg,640,427,person,282,7,445,349
000000002536.jpg,640,427,person,28,182,52,209
000000002536.jpg,640,427,person,132,174,158,206
000000002536.jpg,640,427,person,181,187,208,220
000000002536.jpg,640,427,person,249,175,271,206
000000002536.jpg,640,427,person,311,170,337,206
000000002536.jpg,640,427,person,335,176,350,204
000000002536.jpg,640,427,person,412,179,441,218
000000002536.jpg,640,427,person,534,173,556,198
000000002536.jpg,640,427,person,560,171,584,205
000000002560.jpg,426,640,person,98,366,186,552
000000002560.jpg,426,640,person,1,165,36,197
000000002560.jpg,426,640,person,86,167,119,195
000000002560.jpg,426,640,person,219,150,261,185
000000002560.jpg,426,640,person,195,63,222,99
000000002560.jpg,426,640,person,223,61,249,109
000000002560.jpg,426,640,person,353,39,381,70
000000002560.jpg,426,640,person,350,70,378,108
000000002560.jpg,426,640,person,375,63,411,102
000000002560.jpg,426,640,person,381,30,414,75
000000002560.jpg,426,640,person,2,82,28,115
000000002560.jpg,426,640,person,30,69,55,114
000000002560.jpg,426,640,person,56,65,89,110
000000002560.jpg,426,640,person,160,22,187,70
000000002560.jpg,426,640,person,188,20,225,60
000000002560.jpg,426,640,person,227,18,254,55
000000002560.jpg,426,640,person,252,12,274,49
000000002562.jpg,640,427,person,41,143,98,242
000000002562.jpg,640,427,person,1,144,35,273
000000002562.jpg,640,427,person,310,1,539,377
000000002562.jpg,640,427,person,511,200,579,385
000000002562.jpg,640,427,person,500,113,556,173
000000002562.jpg,640,427,person,574,109,634,169
000000002562.jpg,640,427,person,234,136,277,190
000000002562.jpg,640,427,person,31,64,78,133
000000002562.jpg,640,427,person,14,35,50,97
000000002562.jpg,640,427,person,229,89,263,139
000000002562.jpg,640,427,person,266,89,305,145
000000002562.jpg,640,427,person,522,75,562,124
000000002562.jpg,640,427,person,540,22,583,84
000000002562.jpg,640,427,person,583,49,616,104
000000002562.jpg,640,427,person,605,70,633,122
000000002567.jpg,427,640,person,12,150,92,314
000000002567.jpg,427,640,person,92,119,209,333
000000002567.jpg,427,640,person,184,231,414,562
000000002575.jpg,640,427,person,362,161,449,344
000000002583.jpg,332,500,person,116,60,242,243
000000002585.jpg,640,478,person,164,17,325,356
000000002602.jpg,427,640,person,114,38,281,408
000000002613.jpg,640,427,person,529,74,606,187
000000002613.jpg,640,427,person,429,138,524,180
000000002614.jpg,640,427,person,7,135,21,166
000000002614.jpg,640,427,person,1,133,6,168
000000002614.jpg,640,427,person,23,146,42,197
000000002614.jpg,640,427,person,88,129,111,151
000000002614.jpg,640,427,person,92,144,113,178
000000002614.jpg,640,427,person,139,135,168,225
000000002614.jpg,640,427,person,220,155,306,326
000000002614.jpg,640,427,person,391,139,461,308
000000002614.jpg,640,427,person,185,137,204,195
000000002614.jpg,640,427,person,203,144,222,196
000000002614.jpg,640,427,person,222,149,239,190
000000002614.jpg,640,427,person,240,128,255,158
000000002614.jpg,640,427,person,255,128,268,150
000000002614.jpg,640,427,person,276,136,292,200
000000002614.jpg,640,427,person,290,139,304,193
000000002614.jpg,640,427,person,303,146,315,192
000000002614.jpg,640,427,person,321,146,336,202
000000002614.jpg,640,427,person,361,144,377,198
000000002614.jpg,640,427,person,381,141,395,185
000000002614.jpg,640,427,person,528,147,543,196
000000002614.jpg,640,427,person,570,147,587,188
000000002614.jpg,640,427,person,540,133,550,167
000000002614.jpg,640,427,person,554,132,567,166
000000002658.jpg,640,429,person,44,63,153,364
000000002658.jpg,640,429,person,91,37,140,123
000000002658.jpg,640,429,person,178,24,268,270
000000002658.jpg,640,429,person,280,26,398,341
000000002658.jpg,640,429,person,364,36,427,144
000000002658.jpg,640,429,person,470,47,599,314
000000002658.jpg,640,429,person,550,66,631,189
000000002658.jpg,640,429,person,526,53,556,116
000000002693.jpg,320,240,person,78,166,142,239
000000002693.jpg,320,240,person,195,52,237,149
000000002693.jpg,320,240,person,236,50,282,170
000000002703.jpg,511,640,person,173,129,362,505
000000002755.jpg,500,297,person,1,18,41,238
000000002755.jpg,500,297,person,89,68,171,260
000000002755.jpg,500,297,person,142,3,187,63
000000002755.jpg,500,297,person,171,20,235,252
000000002755.jpg,500,297,person,227,15,279,196
000000002755.jpg,500,297,person,358,29,427,226
000000002755.jpg,500,297,person,337,5,393,85
000000002755.jpg,500,297,person,409,1,464,84
000000002758.jpg,549,640,person,239,145,396,263
000000002833.jpg,640,427,person,1,60,44,289
000000002833.jpg,640,427,person,269,47,350,354
000000002833.jpg,640,427,person,354,98,426,213
000000002833.jpg,640,427,person,408,52,443,106
000000002833.jpg,640,427,person,459,52,493,118
000000002833.jpg,640,427,person,495,52,533,114
000000002833.jpg,640,427,person,114,63,156,196
000000002839.jpg,640,480,person,198,1,560,438
000000002842.jpg,640,480,person,112,112,184,406
000000002842.jpg,640,480,person,11,107,66,143
000000002842.jpg,640,480,person,91,1,136,97
000000002842.jpg,640,480,person,137,9,172,98
000000002842.jpg,640,480,person,441,126,529,371
000000002842.jpg,640,480,person,355,227,413,269
000000002842.jpg,640,480,person,212,164,253,217
000000002842.jpg,640,480,person,239,193,281,236
000000002842.jpg,640,480,person,305,179,357,231
000000002842.jpg,640,480,person,263,136,313,184
000000002842.jpg,640,480,person,229,13,265,109
000000002842.jpg,640,480,person,263,48,281,108
000000002842.jpg,640,480,person,323,27,342,104
000000002842.jpg,640,480,person,311,12,331,57
000000002842.jpg,640,480,person,571,6,608,119
000000002842.jpg,640,480,person,623,1,640,110
000000002842.jpg,640,480,person,571,205,622,248
000000002842.jpg,640,480,person,226,138,261,173
000000002867.jpg,640,428,person,114,79,210,375
000000002867.jpg,640,428,person,229,82,291,284
000000002867.jpg,640,428,person,328,107,397,250
000000002867.jpg,640,428,person,488,85,580,338
000000002890.jpg,640,491,person,173,188,247,291
000000002890.jpg,640,491,person,188,162,250,408
000000002890.jpg,640,491,person,445,230,493,367
000000002890.jpg,640,491,person,497,179,545,303
000000002890.jpg,640,491,person,374,181,387,217
000000002890.jpg,640,491,person,389,182,414,215
000000002896.jpg,640,427,person,1,30,75,427
000000002896.jpg,640,427,person,12,21,50,113
000000002896.jpg,640,427,person,207,75,338,335
000000002907.jpg,425,640,person,179,336,258,472
000000002907.jpg,425,640,person,180,232,246,339
000000002907.jpg,425,640,person,256,278,320,401
000000002907.jpg,425,640,person,397,261,420,317
000000002907.jpg,425,640,person,35,259,51,311
000000002907.jpg,425,640,person,56,257,72,310
000000002907.jpg,425,640,person,76,261,94,313
000000002907.jpg,425,640,person,100,255,119,312
000000002907.jpg,425,640,person,133,264,151,314
000000002963.jpg,426,640,person,80,247,197,462
000000002983.jpg,640,427,person,94,22,275,346
000000002983.jpg,640,427,person,343,14,523,359
000000002992.jpg,427,640,person,64,8,372,392
000000003008.jpg,640,427,person,160,37,373,343
000000003077.jpg,455,640,person,1,108,77,284
000000003077.jpg,455,640,person,53,171,159,401
000000003077.jpg,455,640,person,68,71,134,170
000000003077.jpg,455,640,person,127,122,194,235
000000003077.jpg,455,640,person,175,153,289,372
000000003077.jpg,455,640,person,249,119,331,248
000000003077.jpg,455,640,person,312,152,424,371
000000003077.jpg,455,640,person,303,96,352,175
000000003077.jpg,455,640,person,380,101,451,228
000000003103.jpg,400,338,person,174,15,344,208
000000003103.jpg,400,338,person,73,58,118,95
000000003118.jpg,533,640,person,181,155,319,355
000000003124.jpg,640,519,person,1,178,22,259
000000003124.jpg,640,519,person,22,176,48,260
000000003124.jpg,640,519,person,78,181,93,233
000000003124.jpg,640,519,person,89,184,109,222
000000003124.jpg,640,519,person,95,212,120,256
000000003124.jpg,640,519,person,162,183,183,258
000000003124.jpg,640,519,person,255,84,330,380
000000003124.jpg,640,519,person,326,183,341,254
000000003124.jpg,640,519,person,368,179,390,255
000000003124.jpg,640,519,person,483,173,543,317
000000003124.jpg,640,519,person,561,150,621,328
000000003124.jpg,640,519,person,462,342,627,444
000000003157.jpg,640,427,person,160,17,374,377
000000003160.jpg,640,427,person,327,222,353,254
000000003160.jpg,640,427,person,381,206,444,291
000000003160.jpg,640,427,person,584,230,617,280
000000003197.jpg,640,459,person,369,226,460,354
000000003220.jpg,640,480,person,77,208,97,267
000000003220.jpg,640,480,person,102,262,126,293
000000003220.jpg,640,480,person,118,135,130,166
000000003220.jpg,640,480,person,148,197,170,255
000000003220.jpg,640,480,person,237,212,262,268
000000003220.jpg,640,480,person,287,209,306,266
000000003220.jpg,640,480,person,318,218,340,277
000000003220.jpg,640,480,person,360,217,384,279
000000003220.jpg,640,480,person,305,138,321,176
000000003220.jpg,640,480,person,346,126,359,166
000000003220.jpg,640,480,person,366,120,376,162
000000003220.jpg,640,480,person,405,104,415,138
000000003220.jpg,640,480,person,107,347,180,478
000000003220.jpg,640,480,person,22,390,101,480
000000003220.jpg,640,480,person,560,361,591,418
000000003220.jpg,640,480,person,607,362,640,421
000000003220.jpg,640,480,person,440,420,477,469
000000003225.jpg,434,640,person,131,115,415,587
000000003236.jpg,640,368,person,10,229,73,331
000000003236.jpg,640,368,person,120,284,198,363
000000003236.jpg,640,368,person,227,293,326,368
000000003236.jpg,640,368,person,210,142,261,281
000000003236.jpg,640,368,person,297,215,351,293
000000003236.jpg,640,368,person,353,196,398,279
000000003236.jpg,640,368,person,525,194,573,249
000000003236.jpg,640,368,person,525,244,589,318
000000003242.jpg,612,612,person,186,87,278,260
000000003242.jpg,612,612,person,345,130,477,476
000000003272.jpg,640,429,person,88,161,183,279
000000003272.jpg,640,429,person,148,140,317,384
000000003272.jpg,640,429,person,351,191,457,323
000000003272.jpg,640,429,person,532,159,639,429
000000003276.jpg,640,480,person,331,268,402,478
000000003276.jpg,640,480,person,501,158,639,480
000000003293.jpg,512,640,person,152,201,238,492
000000003293.jpg,512,640,person,350,209,437,490
000000003310.jpg,480,640,person,5,72,474,640
000000003320.jpg,640,480,person,172,226,249,444
000000003320.jpg,640,480,person,284,250,323,369
000000003320.jpg,640,480,person,351,249,370,332
000000003326.jpg,640,480,person,213,194,285,284
000000003326.jpg,640,480,person,414,165,507,313
000000003348.jpg,612,612,person,60,28,310,382
000000003348.jpg,612,612,person,313,55,587,516
000000003365.jpg,640,427,person,343,194,381,248
000000003375.jpg,640,426,person,21,124,98,250
000000003375.jpg,640,426,person,149,26,174,106
000000003375.jpg,640,426,person,190,27,214,111
000000003375.jpg,640,426,person,210,28,229,51
000000003375.jpg,640,426,person,262,129,334,238
000000003375.jpg,640,426,person,612,5,632,81
000000003378.jpg,427,640,person,1,133,62,324
000000003378.jpg,427,640,person,165,100,284,287
000000003378.jpg,427,640,person,356,217,405,290
000000003378.jpg,427,640,person,360,273,410,435
000000003382.jpg,640,390,person,181,73,248,156
000000003382.jpg,640,390,person,228,52,327,220
000000003382.jpg,640,390,person,352,25,545,326
000000003382.jpg,640,390,person,504,63,594,185
000000003382.jpg,640,390,person,477,114,517,157
000000003382.jpg,640,390,person,155,111,195,183
000000003412.jpg,427,640,person,198,11,353,507
000000003412.jpg,427,640,person,137,232,191,335
000000003412.jpg,427,640,person,96,326,127,438
000000003432.jpg,612,612,person,118,97,282,312
000000003461.jpg,640,505,person,317,145,387,396
000000003461.jpg,640,505,person,495,135,605,410
000000003461.jpg,640,505,person,63,355,88,407
000000003461.jpg,640,505,person,184,368,196,410
000000003461.jpg,640,505,person,223,370,241,412
000000003461.jpg,640,505,person,267,368,278,397
000000003461.jpg,640,505,person,448,355,458,382
000000003478.jpg,640,480,person,63,165,183,474
000000003478.jpg,640,480,person,340,142,407,397
000000003478.jpg,640,480,person,391,201,500,480
000000003478.jpg,640,480,person,544,208,637,480
000000003488.jpg,500,333,person,216,81,292,264
000000003514.jpg,640,569,person,50,49,249,441
000000003514.jpg,640,569,person,346,137,639,568
000000003514.jpg,640,569,person,472,1,637,197
000000003532.jpg,640,427,person,88,57,207,308
000000003532.jpg,640,427,person,220,55,316,313
000000003532.jpg,640,427,person,343,82,377,195
000000003532.jpg,640,427,person,401,93,431,193
000000003532.jpg,640,427,person,482,92,495,123
000000003532.jpg,640,427,person,63,94,77,132
000000003532.jpg,640,427,person,24,109,47,134
000000003580.jpg,640,480,person,154,87,640,434
000000003590.jpg,640,480,person,1,76,87,273
000000003590.jpg,640,480,person,163,156,226,374
000000003590.jpg,640,480,person,375,169,444,376
000000003590.jpg,640,480,person,119,185,144,268
000000003590.jpg,640,480,person,136,184,164,262
000000003590.jpg,640,480,person,76,181,85,206
000000003628.jpg,640,480,person,292,201,342,302
000000003628.jpg,640,480,person,427,169,475,304
000000003637.jpg,640,427,person,324,147,477,313
000000003637.jpg,640,427,person,459,123,525,285
000000003637.jpg,640,427,person,379,128,423,171
000000003693.jpg,640,428,person,128,83,265,370
000000003693.jpg,640,428,person,276,59,324,211
000000003693.jpg,640,428,person,323,61,362,216
000000003693.jpg,640,428,person,361,68,405,225
000000003693.jpg,640,428,person,408,69,498,312
000000003713.jpg,640,480,person,85,206,132,246
000000003713.jpg,640,480,person,322,188,349,241
000000003713.jpg,640,480,person,367,175,384,210
000000003716.jpg,640,480,person,231,112,365,343
000000003761.jpg,640,464,person,22,105,265,438
000000003770.jpg,516,640,person,71,204,210,437
000000003827.jpg,640,401,person,1,48,204,324
000000003827.jpg,640,401,person,237,77,414,267
000000003827.jpg,640,401,person,414,36,590,259
000000003837.jpg,640,360,person,97,2,225,308
000000003837.jpg,640,360,person,1,185,11,219
000000003837.jpg,640,360,person,50,179,65,222
000000003837.jpg,640,360,person,381,175,397,219
000000003837.jpg,640,360,person,398,187,409,226
000000003837.jpg,640,360,person,400,170,415,188
000000003837.jpg,640,360,person,429,188,450,228
000000003837.jpg,640,360,person,334,182,346,217
000000003837.jpg,640,360,person,320,186,329,211
000000003837.jpg,640,360,person,251,187,260,212
000000003837.jpg,640,360,person,198,184,206,205
000000003837.jpg,640,360,person,223,186,231,212
000000003837.jpg,640,360,person,312,188,319,207
000000003837.jpg,640,360,person,321,186,330,211
000000003870.jpg,640,480,person,133,76,256,397
000000003870.jpg,640,480,person,283,23,407,272
000000003870.jpg,640,480,person,454,92,579,350
000000003870.jpg,640,480,person,554,95,639,259
000000003920.jpg,640,428,person,242,104,450,293
000000003938.jpg,480,640,person,1,185,87,530
000000003938.jpg,480,640,person,201,87,378,560
000000003939.jpg,347,500,person,1,31,99,333
000000003939.jpg,347,500,person,94,21,168,285
000000003939.jpg,347,500,person,282,72,347,305
000000003964.jpg,640,425,person,408,62,497,354
000000003967.jpg,427,640,person,1,193,65,450
000000003967.jpg,427,640,person,1,1,87,232
000000003967.jpg,427,640,person,63,1,174,411
000000003967.jpg,427,640,person,174,197,277,550
000000003967.jpg,427,640,person,263,78,427,608
000000003967.jpg,427,640,person,258,1,414,90
000000003983.jpg,640,480,person,140,128,184,292
000000003983.jpg,640,480,person,183,141,208,251
000000003983.jpg,640,480,person,204,143,248,239
000000003983.jpg,640,480,person,238,130,269,227
000000003983.jpg,640,480,person,278,142,306,228
000000003983.jpg,640,480,person,308,133,327,202
000000003983.jpg,640,480,person,328,140,346,209
000000003983.jpg,640,480,person,342,141,360,205
000000003983.jpg,640,480,person,359,147,393,237
000000003983.jpg,640,480,person,420,138,462,241
000000003983.jpg,640,480,person,477,134,504,195
000000003983.jpg,640,480,person,531,113,576,230
000000003983.jpg,640,480,person,595,94,632,231
000000003988.jpg,483,640,person,197,139,328,348
000000003988.jpg,483,640,person,20,57,38,96
000000003988.jpg,483,640,person,35,71,58,119
000000003988.jpg,483,640,person,58,79,87,180
000000003988.jpg,483,640,person,70,64,93,95
000000003988.jpg,483,640,person,107,59,140,95
000000003988.jpg,483,640,person,106,96,135,182
000000003988.jpg,483,640,person,137,90,173,179
000000003988.jpg,483,640,person,155,66,176,111
000000003988.jpg,483,640,person,213,51,232,123
000000003995.jpg,640,480,person,165,189,197,258
000000003995.jpg,640,480,person,242,190,265,255
000000003995.jpg,640,480,person,267,217,289,257
000000003995.jpg,640,480,person,387,165,423,255
000000004011.jpg,640,542,person,126,33,342,464
000000004020.jpg,425,640,person,199,262,264,444
000000004021.jpg,640,412,person,52,136,117,331
000000004021.jpg,640,412,person,180,164,245,271
000000004021.jpg,640,412,person,238,141,327,405
000000004021.jpg,640,412,person,247,17,282,143
000000004021.jpg,640,412,person,340,22,371,130
000000004021.jpg,640,412,person,456,117,522,267
000000004021.jpg,640,412,person,519,24,563,148
000000004021.jpg,640,412,person,546,8,567,46
000000004042.jpg,640,424,person,213,4,406,345
000000004042.jpg,640,424,person,442,55,517,117
000000004042.jpg,640,424,person,27,61,83,121
000000004042.jpg,640,424,person,2,94,30,119
000000004042.jpg,640,424,person,141,86,170,118
000000004042.jpg,640,424,person,374,89,397,116
000000004066.jpg,640,427,person,165,154,276,284
000000004066.jpg,640,427,person,506,147,560,267
000000004069.jpg,500,378,person,200,157,262,262
000000004069.jpg,500,378,person,314,172,367,264
000000004092.jpg,512,640,person,24,99,370,567
000000004131.jpg,370,640,person,75,71,259,483
000000004138.jpg,640,386,person,227,54,360,266
000000004139.jpg,640,426,person,316,101,401,295
000000004172.jpg,640,427,person,2,113,75,316
000000004172.jpg,640,427,person,221,144,317,341
000000004172.jpg,640,427,person,318,87,414,271
000000004172.jpg,640,427,person,493,89,603,373
000000004172.jpg,640,427,person,101,239,153,286
000000004172.jpg,640,427,person,68,219,102,284
000000004172.jpg,640,427,person,156,213,190,287
000000004172.jpg,640,427,person,160,158,200,213
000000004172.jpg,640,427,person,165,105,209,161
000000004172.jpg,640,427,person,206,114,236,160
000000004172.jpg,640,427,person,239,42,284,97
000000004172.jpg,640,427,person,431,250,462,292
000000004172.jpg,640,427,person,111,172,157,214
000000004172.jpg,640,427,person,79,169,111,213
000000004172.jpg,640,427,person,81,147,108,169
000000004172.jpg,640,427,person,79,117,107,146
000000004172.jpg,640,427,person,50,63,80,102
000000004172.jpg,640,427,person,33,39,65,79
000000004172.jpg,640,427,person,170,44,209,84
000000004172.jpg,640,427,person,593,63,629,108
000000004172.jpg,640,427,person,440,183,472,223
000000004173.jpg,640,427,person,265,165,318,246
000000004175.jpg,640,481,person,97,278,125,323
000000004175.jpg,640,481,person,447,213,462,240
000000004175.jpg,640,481,person,474,259,491,287
000000004175.jpg,640,481,person,463,143,478,173
000000004175.jpg,640,481,person,292,381,312,412
000000004175.jpg,640,481,person,234,400,258,433
000000004175.jpg,640,481,person,429,108,440,130
000000004175.jpg,640,481,person,472,109,482,137
000000004175.jpg,640,481,person,494,121,508,147
000000004175.jpg,640,481,person,509,125,521,149
000000004175.jpg,640,481,person,591,146,607,168
000000004180.jpg,640,480,person,206,42,404,357
000000004180.jpg,640,480,person,446,7,559,276
000000004187.jpg,640,427,person,253,23,444,353
000000004201.jpg,640,427,person,236,184,267,252
000000004201.jpg,640,427,person,271,205,306,250
000000004201.jpg,640,427,person,305,188,349,264
000000004201.jpg,640,427,person,66,5,86,44
000000004201.jpg,640,427,person,7,32,33,53
000000004201.jpg,640,427,person,97,14,111,42
000000004201.jpg,640,427,person,109,1,131,42
000000004201.jpg,640,427,person,169,14,192,35
000000004201.jpg,640,427,person,193,9,220,31
000000004201.jpg,640,427,person,226,11,244,29
000000004201.jpg,640,427,person,241,10,260,28
000000004201.jpg,640,427,person,267,14,281,27
000000004201.jpg,640,427,person,295,10,310,24
000000004201.jpg,640,427,person,400,1,420,52
000000004201.jpg,640,427,person,460,7,483,49
000000004201.jpg,640,427,person,495,10,524,44
000000004227.jpg,428,640,person,194,276,291,543
000000004243.jpg,640,453,person,177,110,278,324
000000004244.jpg,612,612,person,1,184,137,536
000000004244.jpg,612,612,person,175,224,257,376
000000004244.jpg,612,612,person,413,195,498,436
000000004244.jpg,612,612,person,370,224,438,333
000000004244.jpg,612,612,person,561,231,612,324
000000004246.jpg,425,640,person,228,366,300,583
000000004246.jpg,425,640,person,342,333,406,554
000000004259.jpg,640,457,person,1,77,42,203
000000004259.jpg,640,457,person,38,92,65,172
000000004259.jpg,640,457,person,64,97,95,182
000000004259.jpg,640,457,person,109,90,161,222
000000004259.jpg,640,457,person,177,76,224,233
000000004259.jpg,640,457,person,258,61,326,237
000000004259.jpg,640,457,person,327,12,388,86
000000004259.jpg,640,457,person,357,68,432,190
000000004259.jpg,640,457,person,416,54,606,302
000000004259.jpg,640,457,person,575,96,627,171
000000004259.jpg,640,457,person,560,110,592,135
000000004266.jpg,640,480,person,342,55,459,263
000000004266.jpg,640,480,person,233,43,273,119
000000004266.jpg,640,480,person,177,20,194,52
000000004266.jpg,640,480,person,155,11,172,51
000000004266.jpg,640,480,person,135,5,149,49
000000004266.jpg,640,480,person,1,1,12,25
000000004312.jpg,480,640,person,161,2,401,331
000000004312.jpg,480,640,person,19,66,52,96
000000004312.jpg,480,640,person,100,68,133,110
000000004312.jpg,480,640,person,378,17,476,113
000000004377.jpg,640,376,person,159,59,298,306
000000004377.jpg,640,376,person,404,54,476,239
000000004377.jpg,640,376,person,551,19,640,376
000000004386.jpg,427,640,person,56,12,346,432
000000004421.jpg,640,480,person,1,80,62,480
000000004421.jpg,640,480,person,74,38,218,364
000000004421.jpg,640,480,person,361,100,511,406
000000004421.jpg,640,480,person,291,303,389,435
000000004424.jpg,438,640,person,30,32,369,563
000000004428.jpg,429,640,person,71,177,284,505
000000004438.jpg,480,640,person,132,230,216,422
000000004441.jpg,640,438,person,157,16,523,438
000000004442.jpg,640,427,person,364,124,485,338
000000004490.jpg,427,640,person,180,127,329,521
000000004490.jpg,427,640,person,343,215,368,270
000000004498.jpg,468,640,person,161,92,322,492
000000004502.jpg,640,481,person,243,155,326,422
000000004502.jpg,640,481,person,430,246,468,362
000000004509.jpg,425,640,person,111,52,291,516
000000004527.jpg,500,334,person,123,104,287,254
000000004527.jpg,500,334,person,368,51,460,221
000000004527.jpg,500,334,person,394,1,463,71
000000004549.jpg,640,425,person,52,152,137,205
000000004549.jpg,640,425,person,522,172,605,218
000000004554.jpg,332,500,person,13,17,52,86
000000004554.jpg,332,500,person,169,6,200,64
000000004554.jpg,332,500,person,258,14,283,83
000000004554.jpg,332,500,person,284,18,305,84
000000004554.jpg,332,500,person,70,69,132,250
000000004554.jpg,332,500,person,170,136,283,352
000000004567.jpg,500,331,person,315,25,445,292
000000004616.jpg,640,480,person,214,219,334,439
000000004616.jpg,640,480,person,426,242,556,456
000000004616.jpg,640,480,person,599,228,637,412
000000004616.jpg,640,480,person,70,309,130,401
000000004616.jpg,640,480,person,25,307,71,391
000000004616.jpg,640,480,person,133,332,171,411
000000004616.jpg,640,480,person,317,230,413,436
000000004662.jpg,640,480,person,1,137,42,367
000000004662.jpg,640,480,person,49,187,144,328
000000004662.jpg,640,480,person,234,133,367,325
000000004665.jpg,640,485,person,89,35,313,398
000000004665.jpg,640,485,person,294,62,542,408
000000004684.jpg,640,480,person,176,126,268,365
000000004684.jpg,640,480,person,241,108,323,324
000000004684.jpg,640,480,person,324,79,435,380
000000004684.jpg,640,480,person,436,114,506,325
000000004684.jpg,640,480,person,507,119,551,253
000000004684.jpg,640,480,person,572,111,617,243
000000004684.jpg,640,480,person,425,116,454,168
000000004688.jpg,640,426,person,455,182,522,354
000000004700.jpg,640,427,person,207,61,282,206
000000004700.jpg,640,427,person,338,68,426,281
000000004700.jpg,640,427,person,494,62,566,265
000000004700.jpg,640,427,person,306,69,357,192
000000004700.jpg,640,427,person,377,82,419,159
000000004700.jpg,640,427,person,384,41,408,89
000000004700.jpg,640,427,person,400,81,420,125
000000004700.jpg,640,427,person,429,55,447,110
000000004700.jpg,640,427,person,466,72,482,118
000000004700.jpg,640,427,person,479,63,519,177
000000004700.jpg,640,427,person,541,78,599,226
000000004700.jpg,640,427,person,584,80,603,124
000000004700.jpg,640,427,person,613,79,630,131
000000004700.jpg,640,427,person,629,79,640,132
000000004700.jpg,640,427,person,289,76,315,123
000000004700.jpg,640,427,person,280,54,293,92
000000004702.jpg,526,640,person,86,92,271,505
000000004702.jpg,526,640,person,348,237,451,603
000000004702.jpg,526,640,person,437,410,524,640
000000004711.jpg,429,640,person,99,104,342,567
000000004714.jpg,640,480,person,27,44,159,409
000000004714.jpg,640,480,person,334,194,504,462
000000004714.jpg,640,480,person,504,145,606,306
000000004716.jpg,427,640,person,138,257,223,426
000000004716.jpg,427,640,person,271,85,357,204
000000004716.jpg,427,640,person,209,1,276,39
000000004736.jpg,640,426,person,38,146,98,226
000000004736.jpg,640,426,person,324,181,356,218
000000004736.jpg,640,426,person,376,190,448,298
000000004736.jpg,640,426,person,379,130,462,207
000000004736.jpg,640,426,person,455,168,560,299
000000004736.jpg,640,426,person,614,176,632,210
000000004736.jpg,640,426,person,491,142,501,158
000000004742.jpg,640,426,person,308,125,450,271
000000004823.jpg,640,480,person,115,63,277,412
000000004823.jpg,640,480,person,502,341,600,480
000000004834.jpg,640,565,person,398,104,576,432
000000004840.jpg,640,417,person,371,68,462,224
000000004840.jpg,640,417,person,547,209,593,348
000000004843.jpg,480,640,person,163,242,256,508
000000004843.jpg,480,640,person,1,126,37,493
000000004843.jpg,480,640,person,59,173,136,436
000000004843.jpg,480,640,person,156,202,236,286
000000004844.jpg,374,500,person,1,84,81,350
000000004844.jpg,374,500,person,83,39,373,500
000000004859.jpg,500,331,person,305,123,385,211
000000004876.jpg,640,427,person,262,70,352,285
000000004975.jpg,640,480,person,2,169,78,364
000000004975.jpg,640,480,person,65,190,103,255
000000004975.jpg,640,480,person,78,121,250,457
000000004975.jpg,640,480,person,246,172,327,378
000000004975.jpg,640,480,person,401,177,508,308
000000004975.jpg,640,480,person,523,102,640,480
000000004980.jpg,427,640,person,206,64,296,444
000000004981.jpg,640,438,person,175,256,231,387
000000004984.jpg,640,480,person,277,215,317,261
000000004984.jpg,640,480,person,370,198,408,230
000000005016.jpg,500,366,person,46,123,81,138
000000005016.jpg,500,366,person,194,125,240,213
000000005016.jpg,500,366,person,394,154,451,199
000000005021.jpg,500,375,person,39,43,194,316
000000005021.jpg,500,375,person,186,34,328,187
000000005032.jpg,640,480,person,224,22,344,201
000000005032.jpg,640,480,person,323,39,480,365
000000005064.jpg,640,427,person,54,181,132,347
000000005064.jpg,640,427,person,170,217,254,344
000000005064.jpg,640,427,person,322,154,456,325
000000005064.jpg,640,427,person,55,197,82,236
000000005064.jpg,640,427,person,125,152,158,265
000000005064.jpg,640,427,person,103,159,130,201
000000005064.jpg,640,427,person,202,158,232,203
000000005064.jpg,640,427,person,258,196,292,251
000000005064.jpg,640,427,person,298,194,335,246
000000005064.jpg,640,427,person,518,159,550,215
000000005083.jpg,640,480,person,89,123,163,362
000000005083.jpg,640,480,person,215,85,291,352
000000005083.jpg,640,480,person,289,61,397,396
000000005094.jpg,640,425,person,203,40,283,277
000000005094.jpg,640,425,person,336,52,426,275
000000005094.jpg,640,425,person,68,58,108,131
000000005124.jpg,558,640,person,26,196,117,397
000000005124.jpg,558,640,person,125,209,197,383
000000005124.jpg,558,640,person,211,182,273,373
000000005124.jpg,558,640,person,212,216,453,445
000000005131.jpg,640,427,person,44,178,181,412
000000005131.jpg,640,427,person,202,253,302,415
000000005131.jpg,640,427,person,279,270,372,417
000000005131.jpg,640,427,person,387,255,484,421
000000005131.jpg,640,427,person,469,288,527,394
000000005131.jpg,640,427,person,507,271,548,343
000000005131.jpg,640,427,person,1,227,50,358
000000005131.jpg,640,427,person,551,285,574,342
000000005131.jpg,640,427,person,600,286,630,367
000000005131.jpg,640,427,person,351,299,399,347
000000005139.jpg,640,444,person,147,39,420,417
000000005152.jpg,640,385,person,70,29,283,314
000000005152.jpg,640,385,person,481,68,640,385
000000005165.jpg,427,640,person,60,47,189,556
000000005165.jpg,427,640,person,321,136,390,283
000000005198.jpg,640,480,person,95,246,204,428
000000005198.jpg,640,480,person,162,135,250,258
000000005198.jpg,640,480,person,229,75,387,392
000000005198.jpg,640,480,person,365,149,457,313
000000005198.jpg,640,480,person,448,55,586,441
000000005205.jpg,612,612,person,253,119,442,370
000000005205.jpg,612,612,person,402,139,495,342
000000005219.jpg,425,640,person,118,81,344,495
000000005225.jpg,500,417,person,192,109,448,315
000000005245.jpg,427,640,person,206,166,222,203
000000005245.jpg,427,640,person,223,172,236,196
000000005245.jpg,427,640,person,120,286,327,613
000000005247.jpg,640,424,person,156,36,357,403
000000005247.jpg,640,424,person,419,108,479,295
000000005260.jpg,640,427,person,12,142,27,254
000000005260.jpg,640,427,person,59,139,92,250
000000005260.jpg,640,427,person,100,136,176,305
000000005260.jpg,640,427,person,202,214,266,323
000000005260.jpg,640,427,person,202,131,241,221
000000005260.jpg,640,427,person,178,144,199,229
000000005260.jpg,640,427,person,269,141,315,274
000000005260.jpg,640,427,person,342,130,399,283
000000005260.jpg,640,427,person,397,155,468,324
000000005260.jpg,640,427,person,573,164,613,279
000000005260.jpg,640,427,person,537,157,566,212
000000005312.jpg,640,425,person,271,240,328,344
000000005325.jpg,500,375,person,151,119,217,325
000000005325.jpg,500,375,person,235,173,336,285
000000005336.jpg,640,432,person,217,141,302,384
000000005336.jpg,640,432,person,374,168,396,209
000000005336.jpg,640,432,person,187,166,201,212
000000005339.jpg,640,427,person,281,30,380,269
000000005368.jpg,640,438,person,360,162,385,211
000000005368.jpg,640,438,person,321,57,328,75
000000005368.jpg,640,438,person,586,1,592,16
000000005368.jpg,640,438,person,239,56,247,71
000000005368.jpg,640,438,person,196,46,203,57
000000005373.jpg,640,426,person,222,67,455,389
000000005385.jpg,640,480,person,148,124,260,315
000000005385.jpg,640,480,person,431,148,553,291
000000005385.jpg,640,480,person,552,153,639,349
000000005388.jpg,640,427,person,71,221,98,277
000000005388.jpg,640,427,person,225,157,235,181
000000005388.jpg,640,427,person,276,194,296,239
000000005388.jpg,640,427,person,369,344,412,422
000000005388.jpg,640,427,person,527,297,560,377
000000005388.jpg,640,427,person,584,329,623,387
000000005388.jpg,640,427,person,620,314,639,395
000000005388.jpg,640,427,person,551,199,571,245
000000005424.jpg,640,480,person,253,161,390,377
000000005424.jpg,640,480,person,316,2,607,381
000000005443.jpg,481,640,person,262,287,345,505
000000005471.jpg,640,427,person,90,123,204,383
000000005476.jpg,640,476,person,109,229,127,297
000000005476.jpg,640,476,person,141,229,160,298
000000005476.jpg,640,476,person,167,225,182,286
000000005476.jpg,640,476,person,160,191,178,223
000000005476.jpg,640,476,person,205,201,223,253
000000005476.jpg,640,476,person,238,182,259,240
000000005476.jpg,640,476,person,232,239,250,293
000000005476.jpg,640,476,person,271,182,288,241
000000005476.jpg,640,476,person,457,198,482,265
000000005476.jpg,640,476,person,490,200,512,260
000000005476.jpg,640,476,person,527,188,553,263
000000005476.jpg,640,476,person,567,188,593,260
000000005508.jpg,640,480,person,98,61,201,235
000000005508.jpg,640,480,person,62,222,150,329
000000005508.jpg,640,480,person,19,286,156,442
000000005508.jpg,640,480,person,174,353,363,477
000000005508.jpg,640,480,person,298,233,420,410
000000005508.jpg,640,480,person,419,133,509,289
000000005508.jpg,640,480,person,509,166,636,388
000000005513.jpg,480,640,person,56,90,216,589
000000005559.jpg,640,426,person,350,238,421,365
000000005569.jpg,500,375,person,181,1,340,310
000000005608.jpg,640,427,person,213,23,401,340
000000005608.jpg,640,427,person,67,249,147,414
000000005608.jpg,640,427,person,1,255,60,415
000000005608.jpg,640,427,person,433,267,512,409
000000005608.jpg,640,427,person,530,318,617,407
000000005608.jpg,640,427,person,131,26,184,120
000000005608.jpg,640,427,person,354,36,422,119
000000005608.jpg,640,427,person,1,111,50,181
000000005608.jpg,640,427,person,43,138,88,181
000000005608.jpg,640,427,person,107,131,160,182
000000005608.jpg,640,427,person,169,149,198,181
000000005608.jpg,640,427,person,193,130,236,182
000000005608.jpg,640,427,person,230,156,263,182
000000005608.jpg,640,427,person,352,140,409,181
000000005608.jpg,640,427,person,425,145,460,181
000000005608.jpg,640,427,person,446,130,480,180
000000005608.jpg,640,427,person,481,150,515,182
000000005608.jpg,640,427,person,505,130,546,180
000000005608.jpg,640,427,person,525,116,558,163
000000005608.jpg,640,427,person,548,145,575,180
000000005608.jpg,640,427,person,569,125,609,177
000000005608.jpg,640,427,person,589,110,612,159
000000005608.jpg,640,427,person,621,146,640,180
000000005608.jpg,640,427,person,35,30,77,101
000000005608.jpg,640,427,person,1,5,37,55
000000005608.jpg,640,427,person,1,43,26,112
000000005608.jpg,640,427,person,99,26,136,115
000000005608.jpg,640,427,person,497,1,557,53
000000005608.jpg,640,427,person,453,1,493,50
000000005608.jpg,640,427,person,559,4,608,70
000000005614.jpg,640,426,person,57,83,161,304
000000005614.jpg,640,426,person,206,199,288,345
000000005614.jpg,640,426,person,534,87,618,372
000000005632.jpg,640,480,person,66,56,260,349
000000005632.jpg,640,480,person,301,120,459,336
000000005638.jpg,640,480,person,197,53,293,205
000000005638.jpg,640,480,person,290,25,398,223
000000005638.jpg,640,480,person,538,1,640,314
000000005638.jpg,640,480,person,394,1,467,286
000000005641.jpg,640,480,person,1,21,254,480
000000005641.jpg,640,480,person,262,148,591,480
000000005644.jpg,640,427,person,278,47,365,160
000000005652.jpg,640,427,person,227,12,622,386
000000005670.jpg,640,425,person,158,91,446,425
000000005673.jpg,640,428,person,61,122,259,403
000000005683.jpg,396,500,person,134,257,181,394
000000005699.jpg,600,400,person,94,130,167,318
000000005699.jpg,600,400,person,195,66,240,195
000000005699.jpg,600,400,person,178,58,210,126
000000005699.jpg,600,400,person,256,43,283,125
000000005699.jpg,600,400,person,287,64,324,195
000000005699.jpg,600,400,person,330,60,365,167
000000005699.jpg,600,400,person,495,56,538,188
000000005699.jpg,600,400,person,540,55,569,185
000000005701.jpg,480,640,person,167,128,336,397
000000005715.jpg,425,640,person,146,99,316,523
000000005715.jpg,425,640,person,1,175,49,540
000000005715.jpg,425,640,person,42,197,86,266
000000005715.jpg,425,640,person,322,181,371,254
000000005728.jpg,500,331,person,12,157,73,271
000000005728.jpg,500,331,person,162,179,207,282
000000005728.jpg,500,331,person,282,159,315,236
000000005728.jpg,500,331,person,359,161,431,241
000000005756.jpg,640,361,person,77,132,115,197
000000005756.jpg,640,361,person,130,122,158,205
000000005756.jpg,640,361,person,157,127,191,259
000000005756.jpg,640,361,person,203,136,225,228
000000005756.jpg,640,361,person,251,111,282,255
000000005756.jpg,640,361,person,245,134,261,233
000000005756.jpg,640,361,person,289,146,327,289
000000005756.jpg,640,361,person,331,157,368,268
000000005756.jpg,640,361,person,376,152,398,259
000000005756.jpg,640,361,person,399,118,430,249
000000005756.jpg,640,361,person,436,142,481,287
000000005756.jpg,640,361,person,479,143,517,261
000000005756.jpg,640,361,person,536,140,573,292
000000005756.jpg,640,361,person,594,142,631,268
000000005802.jpg,640,479,person,107,77,279,418
000000005802.jpg,640,479,person,404,182,471,404
000000005823.jpg,640,429,person,145,8,322,377
000000005828.jpg,640,431,person,293,60,434,265
000000005860.jpg,375,500,person,3,217,82,359
000000005860.jpg,375,500,person,307,273,347,365
000000005882.jpg,500,333,person,22,1,172,127
000000005915.jpg,500,363,person,47,112,100,273
000000005915.jpg,500,363,person,180,142,230,224
000000005915.jpg,500,363,person,207,176,256,226
000000005915.jpg,500,363,person,309,142,367,224
000000005915.jpg,500,363,person,65,42,91,76
000000005915.jpg,500,363,person,104,54,131,79
000000005915.jpg,500,363,person,131,60,152,81
000000005915.jpg,500,363,person,140,27,166,60
000000005915.jpg,500,363,person,166,30,190,60
000000005915.jpg,500,363,person,187,41,213,71
000000005915.jpg,500,363,person,227,54,250,82
000000005915.jpg,500,363,person,250,53,272,82
000000005915.jpg,500,363,person,351,52,373,82
000000005915.jpg,500,363,person,303,54,326,82
000000005915.jpg,500,363,person,326,54,348,82
000000005915.jpg,500,363,person,421,48,440,77
000000005915.jpg,500,363,person,442,47,463,77
000000005915.jpg,500,363,person,33,17,61,48
000000005915.jpg,500,363,person,38,40,64,74
000000005915.jpg,500,363,person,276,4,297,36
000000005915.jpg,500,363,person,297,5,322,34
000000005915.jpg,500,363,person,322,5,346,31
000000005917.jpg,640,480,person,144,153,210,314
000000005917.jpg,640,480,person,308,220,395,350
000000005917.jpg,640,480,person,409,160,483,348
000000005917.jpg,640,480,person,53,1,107,141
000000005917.jpg,640,480,person,258,112,307,169
000000005917.jpg,640,480,person,325,134,362,177
000000005917.jpg,640,480,person,367,125,407,179
000000005917.jpg,640,480,person,425,131,454,167
000000005917.jpg,640,480,person,466,133,498,189
000000005917.jpg,640,480,person,502,134,546,193
000000005933.jpg,640,426,person,162,124,264,376
000000005933.jpg,640,426,person,393,70,543,344
000000005933.jpg,640,426,person,103,281,118,316
000000005933.jpg,640,426,person,122,279,135,316
000000005933.jpg,640,426,person,139,284,155,314
000000005933.jpg,640,426,person,5,286,20,321
000000005946.jpg,640,427,person,208,47,400,283
000000005961.jpg,480,640,person,85,93,274,353
000000005961.jpg,480,640,person,1,241,75,559
000000005962.jpg,640,427,person,119,158,236,355
000000005962.jpg,640,427,person,278,132,397,349
000000006026.jpg,640,480,person,1,133,208,383
000000006026.jpg,640,480,person,151,260,312,476
000000006031.jpg,419,640,person,59,76,285,393
000000006031.jpg,419,640,person,3,393,266,639
000000006033.jpg,480,640,person,208,91,363,319
000000006033.jpg,480,640,person,435,42,480,248
000000006041.jpg,616,640,person,262,75,421,428
000000006042.jpg,640,423,person,175,45,275,282
000000006042.jpg,640,423,person,541,165,590,230
000000006051.jpg,640,459,person,97,1,397,130
000000006051.jpg,640,459,person,470,1,640,336
000000006053.jpg,500,467,person,109,200,277,349
000000006057.jpg,640,427,person,285,55,443,387
000000006057.jpg,640,427,person,1,94,71,241
000000006057.jpg,640,427,person,66,171,172,250
000000006057.jpg,640,427,person,204,182,310,251
000000006057.jpg,640,427,person,73,77,134,171
000000006057.jpg,640,427,person,132,118,199,227
000000006057.jpg,640,427,person,130,67,182,117
000000006057.jpg,640,427,person,30,72,77,158
000000006057.jpg,640,427,person,200,117,276,194
000000006057.jpg,640,427,person,256,65,311,135
000000006057.jpg,640,427,person,432,72,524,247
000000006057.jpg,640,427,person,514,71,578,202
000000006057.jpg,640,427,person,553,37,640,245
000000006101.jpg,640,427,person,76,52,169,381
000000006101.jpg,640,427,person,138,48,199,176
000000006101.jpg,640,427,person,279,64,343,259
000000006101.jpg,640,427,person,490,87,547,228
000000006101.jpg,640,427,person,548,141,622,226
000000006101.jpg,640,427,person,393,9,414,32
000000006101.jpg,640,427,person,431,5,445,31
000000006101.jpg,640,427,person,455,6,465,30
000000006101.jpg,640,427,person,466,7,483,31
000000006101.jpg,640,427,person,488,3,506,31
000000006101.jpg,640,427,person,512,8,524,30
000000006101.jpg,640,427,person,577,1,583,20
000000006107.jpg,640,438,person,239,190,257,232
000000006107.jpg,640,438,person,211,204,285,314
000000006107.jpg,640,438,person,257,270,341,428
000000006107.jpg,640,438,person,324,281,389,398
000000006107.jpg,640,438,person,565,146,615,209
000000006107.jpg,640,438,person,567,142,591,163
000000006140.jpg,620,640,person,157,59,427,374
000000006140.jpg,620,640,person,289,270,561,638
000000006140.jpg,620,640,person,567,446,620,602
000000006140.jpg,620,640,person,2,481,80,640
000000006140.jpg,620,640,person,66,472,167,549
000000006189.jpg,480,640,person,128,3,469,517
000000006190.jpg,640,640,person,180,81,478,428
000000006225.jpg,640,426,person,9,26,183,313
000000006225.jpg,640,426,person,199,98,303,246
000000006225.jpg,640,426,person,420,17,552,236
000000006253.jpg,640,480,person,84,122,171,402
000000006253.jpg,640,480,person,195,88,280,331
000000006253.jpg,640,480,person,389,100,513,370
000000006253.jpg,640,480,person,512,61,632,394
000000006268.jpg,500,377,person,123,82,207,230
000000006287.jpg,640,427,person,379,155,418,220
000000006295.jpg,500,491,person,317,95,485,409
000000006295.jpg,500,491,person,60,316,110,374
000000006295.jpg,500,491,person,120,272,207,362
000000006295.jpg,500,491,person,227,298,280,378
000000006327.jpg,640,480,person,189,118,283,414
000000006327.jpg,640,480,person,283,146,362,413
000000006327.jpg,640,480,person,436,216,513,281
000000006327.jpg,640,480,person,497,160,524,234
000000006327.jpg,640,480,person,575,181,597,228
000000006327.jpg,640,480,person,1,228,72,297
000000006357.jpg,480,640,person,259,233,347,321
000000006364.jpg,500,333,person,9,4,255,133
000000006364.jpg,500,333,person,5,132,280,295
000000006379.jpg,486,640,person,122,194,208,484
000000006379.jpg,486,640,person,239,183,344,464
000000006407.jpg,375,500,person,67,12,255,284
000000006407.jpg,375,500,person,297,58,374,326
000000006409.jpg,375,500,person,60,128,217,336
000000006489.jpg,427,640,person,48,87,236,593
000000006489.jpg,427,640,person,1,202,25,275
000000006489.jpg,427,640,person,9,181,38,233
000000006489.jpg,427,640,person,67,178,87,233
000000006491.jpg,640,427,person,307,105,493,382
000000006520.jpg,612,612,person,212,160,475,491
000000006531.jpg,480,640,person,241,194,344,376
000000006541.jpg,640,427,person,264,167,371,361
000000006541.jpg,640,427,person,1,201,66,427
000000006562.jpg,640,433,person,12,220,61,346
000000006562.jpg,640,433,person,121,242,183,403
000000006562.jpg,640,433,person,140,170,169,242
000000006562.jpg,640,433,person,280,166,330,313
000000006562.jpg,640,433,person,397,159,440,316
000000006562.jpg,640,433,person,440,190,460,253
000000006562.jpg,640,433,person,453,181,517,278
000000006562.jpg,640,433,person,518,197,569,288
000000006562.jpg,640,433,person,443,131,465,154
000000006578.jpg,500,332,person,44,30,315,306
000000006579.jpg,640,417,person,2,1,279,397
000000006579.jpg,640,417,person,383,87,564,279
000000006579.jpg,640,417,person,348,1,441,125
000000006590.jpg,640,480,person,207,113,372,377
000000006593.jpg,500,333,person,234,3,262,164
000000006593.jpg,500,333,person,260,30,361,221
000000006593.jpg,500,333,person,369,90,483,217
000000006602.jpg,640,388,person,88,205,124,325
000000006602.jpg,640,388,person,68,204,82,244
000000006602.jpg,640,388,person,78,212,93,257
000000006602.jpg,640,388,person,324,234,341,287
000000006602.jpg,640,388,person,340,240,366,288
000000006602.jpg,640,388,person,432,245,459,282
000000006602.jpg,640,388,person,459,249,479,282
000000006602.jpg,640,388,person,478,248,515,294
000000006602.jpg,640,388,person,515,250,552,301
000000006602.jpg,640,388,person,567,229,590,301
000000006602.jpg,640,388,person,547,229,568,286
000000006602.jpg,640,388,person,289,216,304,254
000000006602.jpg,640,388,person,264,229,278,249
000000006627.jpg,640,353,person,1,1,121,353
000000006640.jpg,640,457,person,66,66,236,214
000000006640.jpg,640,457,person,232,73,335,286
000000006640.jpg,640,457,person,359,95,468,274
000000006640.jpg,640,457,person,433,84,488,174
000000006640.jpg,640,457,person,513,68,625,226
000000006662.jpg,425,640,person,99,141,351,442
000000006664.jpg,475,500,person,209,11,419,288
000000006675.jpg,426,640,person,130,193,324,475
000000006692.jpg,640,640,person,214,8,437,423
000000006709.jpg,640,480,person,235,89,363,335
000000006709.jpg,640,480,person,414,98,472,328
000000006712.jpg,640,480,person,4,102,118,326
000000006712.jpg,640,480,person,486,134,540,295
000000006715.jpg,640,480,person,351,193,415,293
000000006719.jpg,500,375,person,218,132,288,243
000000006744.jpg,480,640,person,227,157,467,627
000000006747.jpg,640,480,person,3,224,134,429
000000006747.jpg,640,480,person,269,148,395,285
000000006747.jpg,640,480,person,492,242,640,466
000000006749.jpg,428,640,person,39,160,240,532
000000006749.jpg,428,640,person,239,60,338,392
000000006760.jpg,640,426,person,66,68,366,287
000000006780.jpg,640,359,person,17,93,66,203
000000006780.jpg,640,359,person,127,87,159,192
000000006780.jpg,640,359,person,197,104,249,237
000000006780.jpg,640,359,person,258,226,438,305
000000006780.jpg,640,359,person,452,96,483,219
000000006780.jpg,640,359,person,251,85,309,209
000000006780.jpg,640,359,person,97,96,106,120
000000006780.jpg,640,359,person,66,99,75,114
000000006780.jpg,640,359,person,302,102,314,139
000000006780.jpg,640,359,person,323,104,334,142
000000006780.jpg,640,359,person,333,110,348,145
000000006780.jpg,640,359,person,355,99,368,153
000000006780.jpg,640,359,person,386,105,397,151
000000006780.jpg,640,359,person,399,100,408,154
000000006780.jpg,640,359,person,489,104,503,176
000000006780.jpg,640,359,person,506,97,521,152
000000006780.jpg,640,359,person,510,132,541,182
000000006780.jpg,640,359,person,534,101,551,135
000000006780.jpg,640,359,person,551,100,566,143
000000006780.jpg,640,359,person,577,101,592,150
000000006780.jpg,640,359,person,585,123,612,159
000000006780.jpg,640,359,person,615,96,638,173
000000006790.jpg,640,406,person,254,126,405,281
000000006811.jpg,640,426,person,279,97,352,287
000000006811.jpg,640,426,person,79,208,94,260
000000006847.jpg,640,513,person,105,1,526,505
000000006860.jpg,640,424,person,246,166,446,424
000000006860.jpg,640,424,person,526,335,568,424
000000006860.jpg,640,424,person,485,343,516,403
000000006862.jpg,640,383,person,214,16,319,287
000000006862.jpg,640,383,person,303,32,542,310
000000006896.jpg,640,480,person,81,105,236,466
000000006906.jpg,600,640,person,39,108,256,559
000000006906.jpg,600,640,person,281,73,545,606
000000006921.jpg,640,424,person,150,1,525,302
000000006941.jpg,414,330,person,126,23,308,248
000000006943.jpg,640,425,person,144,76,274,355
000000006943.jpg,640,425,person,265,80,407,377
000000006943.jpg,640,425,person,494,209,546,331
000000006943.jpg,640,425,person,419,222,450,317
000000006943.jpg,640,425,person,446,234,469,300
000000006945.jpg,500,346,person,63,9,345,219
000000006964.jpg,478,640,person,2,83,216,543
000000006964.jpg,478,640,person,216,79,478,589
000000006973.jpg,612,612,person,322,27,510,466
000000006981.jpg,556,640,person,78,18,400,475
000000006996.jpg,333,500,person,104,77,185,161
000000006996.jpg,333,500,person,112,158,213,317
000000007049.jpg,427,640,person,23,140,217,550
000000007049.jpg,427,640,person,312,99,427,582
000000007050.jpg,640,480,person,246,177,401,421
000000007050.jpg,640,480,person,505,144,640,434
000000007069.jpg,640,428,person,180,115,339,387
000000007072.jpg,500,296,person,234,118,274,206
000000007072.jpg,500,296,person,271,122,297,183
000000007103.jpg,500,375,person,7,38,397,248
000000007104.jpg,333,500,person,136,225,242,464
000000007104.jpg,333,500,person,243,268,280,389
000000007104.jpg,333,500,person,273,252,311,374
000000007104.jpg,333,500,person,51,266,71,325
000000007104.jpg,333,500,person,3,279,27,342
000000007104.jpg,333,500,person,27,272,47,313
000000007123.jpg,640,428,person,234,136,313,261
000000007129.jpg,480,640,person,190,305,271,476
000000007129.jpg,480,640,person,319,166,419,475
000000007149.jpg,640,427,person,2,24,182,343
000000007149.jpg,640,427,person,368,1,416,72
000000007149.jpg,640,427,person,418,1,473,68
000000007149.jpg,640,427,person,608,4,638,261
000000007159.jpg,476,640,person,46,340,114,512
000000007159.jpg,476,640,person,130,238,167,295
000000007159.jpg,476,640,person,146,359,231,555
000000007159.jpg,476,640,person,268,346,289,386
000000007159.jpg,476,640,person,285,390,315,417
000000007159.jpg,476,640,person,333,364,359,417
000000007207.jpg,500,335,person,3,92,120,335
000000007207.jpg,500,335,person,119,126,220,335
000000007207.jpg,500,335,person,219,66,361,335
000000007207.jpg,500,335,person,361,116,500,331
000000007221.jpg,640,480,person,140,110,537,366
000000007228.jpg,500,375,person,9,158,53,241
000000007228.jpg,500,375,person,123,155,165,231
000000007228.jpg,500,375,person,156,195,209,343
000000007228.jpg,500,375,person,232,165,256,218
000000007228.jpg,500,375,person,262,216,306,341
000000007228.jpg,500,375,person,320,158,406,339
000000007228.jpg,500,375,person,333,146,350,178
000000007228.jpg,500,375,person,378,148,400,185
000000007256.jpg,640,346,person,74,54,172,335
000000007256.jpg,640,346,person,274,60,346,322
000000007256.jpg,640,346,person,342,41,415,330
000000007256.jpg,640,346,person,444,76,523,339
000000007256.jpg,640,346,person,522,86,579,318
000000007256.jpg,640,346,person,577,90,619,315
000000007274.jpg,640,480,person,69,212,214,455
000000007274.jpg,640,480,person,270,181,381,306
000000007275.jpg,429,640,person,177,213,263,307
000000007277.jpg,375,500,person,36,62,195,459
000000007277.jpg,375,500,person,208,157,369,484
000000007298.jpg,640,480,person,204,136,363,353
000000007298.jpg,640,480,person,502,23,595,282
000000007304.jpg,480,640,person,141,178,292,456
000000007307.jpg,640,442,person,2,61,49,120
000000007307.jpg,640,442,person,22,32,65,89
000000007307.jpg,640,442,person,78,53,137,118
000000007307.jpg,640,442,person,138,53,175,116
000000007307.jpg,640,442,person,175,52,231,109
000000007307.jpg,640,442,person,231,51,274,110
000000007307.jpg,640,442,person,274,50,334,106
000000007307.jpg,640,442,person,328,45,387,105
000000007307.jpg,640,442,person,480,4,522,76
000000007307.jpg,640,442,person,526,3,562,48
000000007307.jpg,640,442,person,563,2,612,52
000000007307.jpg,640,442,person,610,1,640,39
000000007307.jpg,640,442,person,518,48,563,98
000000007307.jpg,640,442,person,562,43,596,94
000000007307.jpg,640,442,person,603,38,640,90
000000007307.jpg,640,442,person,427,187,595,357
000000007318.jpg,640,480,person,66,1,426,293
000000007325.jpg,640,481,person,354,141,391,258
000000007325.jpg,640,481,person,517,128,606,452
000000007325.jpg,640,481,ww,462,155,475,185
000000007325.jpg,640,481,ww,433,151,444,190
000000007333.jpg,427,640,ww,154,52,283,478
000000007357.jpg,640,388,ww,249,27,299,87
000000007357.jpg,640,388,person,387,49,430,151
000000007394.jpg,500,333,person,202,56,277,292
000000007420.jpg,427,640,person,4,12,114,385
000000007420.jpg,427,640,person,119,84,269,417
000000007424.jpg,482,640,person,59,73,342,541
000000007500.jpg,640,428,person,203,68,276,335
000000007500.jpg,640,428,person,77,92,112,136
000000007500.jpg,640,428,person,271,77,295,200
000000007500.jpg,640,428,person,324,78,331,96
000000007503.jpg,640,495,person,232,144,342,362
000000007519.jpg,640,480,person,166,56,346,432
000000007535.jpg,640,480,person,263,59,313,118
000000007594.jpg,424,640,person,75,139,311,570
000000007596.jpg,427,640,person,141,30,351,412
000000007603.jpg,640,426,person,345,1,408,173
000000007603.jpg,640,426,person,132,1,264,319
000000007603.jpg,640,426,person,408,1,639,426
000000007603.jpg,640,426,person,265,193,327,249
000000007615.jpg,400,500,person,148,9,324,416
000000007627.jpg,640,469,person,221,91,352,287
000000007627.jpg,640,469,person,367,261,430,384
000000007682.jpg,427,640,person,62,101,397,640
000000007689.jpg,640,427,person,217,52,472,422
000000007733.jpg,640,427,person,62,147,266,425
000000007733.jpg,640,427,person,269,43,503,425
000000007757.jpg,640,480,person,222,68,355,319
000000007782.jpg,640,640,person,128,308,228,597
000000007782.jpg,640,640,person,102,243,176,342
000000007782.jpg,640,640,person,191,241,282,484
000000007782.jpg,640,640,person,270,230,392,581
000000007782.jpg,640,640,person,449,306,589,603
000000007789.jpg,640,427,person,160,109,584,321
000000007794.jpg,373,500,person,115,135,211,463
000000007794.jpg,373,500,person,265,44,330,157
000000007809.jpg,519,640,person,109,152,274,618
000000007839.jpg,500,375,person,184,54,288,242
000000007873.jpg,640,427,person,298,48,579,419
000000007873.jpg,640,427,person,1,1,99,427
000000007873.jpg,640,427,person,173,77,294,412
000000007873.jpg,640,427,person,33,121,107,259
000000007894.jpg,512,640,person,30,73,294,583
000000007921.jpg,640,562,person,3,181,199,437
000000007921.jpg,640,562,person,372,46,613,440
000000007946.jpg,640,480,person,147,1,475,282
000000007946.jpg,640,480,person,483,170,531,237
000000007946.jpg,640,480,person,541,75,612,153
000000007946.jpg,640,480,person,538,123,640,264
000000007946.jpg,640,480,person,119,159,155,217
000000007946.jpg,640,480,person,148,130,195,253
000000007953.jpg,640,428,person,217,4,279,159
000000007953.jpg,640,428,person,314,25,460,207
000000007953.jpg,640,428,person,461,2,580,358
000000007996.jpg,424,640,person,191,302,310,548
000000008010.jpg,640,443,person,190,205,240,307
000000008010.jpg,640,443,person,498,219,546,339
000000008014.jpg,640,480,person,131,17,338,339
000000008019.jpg,500,334,person,223,138,264,305
000000008019.jpg,500,334,person,34,202,46,232
000000008019.jpg,500,334,person,77,205,88,248
000000008019.jpg,500,334,person,86,199,97,230
000000008024.jpg,640,427,person,272,6,443,253
000000008042.jpg,640,360,person,371,49,506,327
000000008042.jpg,640,360,person,262,21,388,324
000000008042.jpg,640,360,person,544,124,606,189
000000008042.jpg,640,360,person,619,131,640,190
000000008053.jpg,640,442,person,351,139,427,357
000000008063.jpg,640,428,person,1,103,45,197
000000008063.jpg,640,428,person,41,122,69,179
000000008063.jpg,640,428,person,43,164,71,209
000000008063.jpg,640,428,person,110,141,178,264
000000008063.jpg,640,428,person,163,123,210,204
000000008063.jpg,640,428,person,240,21,380,315
000000008063.jpg,640,428,person,351,57,401,328
000000008063.jpg,640,428,person,430,107,479,276
000000008063.jpg,640,428,person,414,130,437,167
000000008063.jpg,640,428,person,466,121,498,164
000000008063.jpg,640,428,person,504,231,547,288
000000008063.jpg,640,428,person,563,185,594,294
000000008063.jpg,640,428,person,518,2,639,427
000000008063.jpg,640,428,person,502,210,522,234
000000008063.jpg,640,428,person,520,210,537,236
000000008065.jpg,500,375,person,124,122,241,314
000000008065.jpg,500,375,person,424,195,500,363
000000008095.jpg,488,640,person,99,172,256,453
000000008095.jpg,488,640,person,258,124,418,405
000000008106.jpg,480,640,person,212,143,385,535
000000008176.jpg,380,472,person,59,57,288,353
000000008186.jpg,480,640,person,128,140,291,432
000000008191.jpg,640,480,person,125,226,223,344
000000008191.jpg,640,480,person,262,163,315,316
000000008191.jpg,640,480,person,339,237,357,255
000000008191.jpg,640,480,person,353,296,409,335
000000008191.jpg,640,480,person,375,228,417,254
000000008191.jpg,640,480,person,394,137,490,294
000000008238.jpg,480,640,person,188,184,317,428
000000008284.jpg,640,435,person,442,99,581,399
000000008294.jpg,591,400,person,14,46,112,309
000000008294.jpg,591,400,person,189,67,257,274
000000008294.jpg,591,400,person,259,59,329,193
000000008294.jpg,591,400,person,302,158,380,352
000000008294.jpg,591,400,person,381,158,472,317
000000008294.jpg,591,400,person,452,135,509,275
000000008294.jpg,591,400,person,499,126,540,248
000000008294.jpg,591,400,person,315,72,389,152
000000008294.jpg,591,400,person,377,58,431,165
000000008294.jpg,591,400,person,431,67,499,135
000000008297.jpg,640,427,person,304,56,400,302
000000008305.jpg,640,424,person,187,189,257,396
000000008305.jpg,640,424,person,293,176,355,399
000000008305.jpg,640,424,person,428,153,509,409
000000008309.jpg,424,640,person,13,95,297,529
000000008314.jpg,640,411,person,370,149,420,297
000000008329.jpg,640,427,person,1,144,115,427
000000008329.jpg,640,427,person,145,14,307,374
000000008329.jpg,640,427,person,346,139,452,368
000000008369.jpg,640,480,person,433,85,527,390
000000008383.jpg,479,640,person,201,64,417,449
000000008414.jpg,427,640,person,50,76,208,323
000000008429.jpg,500,375,person,3,17,53,108
000000008429.jpg,500,375,person,54,20,98,88
000000008429.jpg,500,375,person,109,17,156,65
000000008429.jpg,500,375,person,160,1,183,30
000000008429.jpg,500,375,person,176,19,204,62
000000008429.jpg,500,375,person,166,36,249,186
000000008429.jpg,500,375,person,300,3,417,147
000000008429.jpg,500,375,person,415,16,455,111
000000008429.jpg,500,375,person,442,2,483,57
000000008429.jpg,500,375,person,478,1,495,31
000000008429.jpg,500,375,person,2,240,71,311
000000008429.jpg,500,375,person,60,241,88,283
000000008429.jpg,500,375,person,87,199,165,288
000000008429.jpg,500,375,person,251,214,310,375
000000008429.jpg,500,375,person,327,231,407,313
000000008429.jpg,500,375,person,425,231,500,330
000000008429.jpg,500,375,person,385,228,421,275
000000008429.jpg,500,375,person,311,225,361,272
000000008429.jpg,500,375,person,426,214,448,257
000000008429.jpg,500,375,person,448,207,466,236
000000008429.jpg,500,375,person,484,207,500,241
000000008429.jpg,500,375,person,398,213,412,236
